{
  "c0": -2.8961250605385502,
  "c1_0": -9.101152130995409,
  "c2_d0000_0_00": -0.023768945159090036,
  "c2_d0001_0_00": 0.037098738245885304,
  "c2_d0002_0_00": -0.011754905046193155,
  "c2_d0003_0_00": -0.011322146822902193,
  "c2_d0004_0_00": -0.003545585675682698,
  "c2_d0005_0_00": 0.004690282736088303,
  "c2_d0006_0_00": -0.005056770302924597,
  "c3_d0000_0_000": 0.020511065427588994,
  "c3_d0001_0_000": -0.012946886494616163,
  "c3_d0002_0_000": -0.007055825896168771,
  "c3_d0003_0_000": 0.010978136273565337,
  "c3_d0004_0_000": 0.0021698518210918126,
  "c3_d0005_0_000": 0.011831542202864004,
  "c3_d0006_0_000": -0.006296686877228444,
  "c3_d0007_0_000": -0.015439161904680067,
  "c4_d0000_0_0000": 0.0030389654158717635,
  "c4_d0001_0_0000": 0.006658308169923212,
  "c4_d0002_0_0000": -0.001270457883011444,
  "c4_d0003_0_0000": -0.0014418659151581399,
  "c4_d0004_0_0000": 0.005934407011202404,
  "c4_d0005_0_0000": -0.00438781061121476,
  "c4_d0005_1_0000": -0.01716585745609246,
  "c4_d0006_0_0000": 0.011008241198840365,
  "c4_d0006_1_0000": 0.00640496948826955,
  "c4_d0007_0_0000": 0.007231563451915971,
  "c4_d0008_0_0000": -0.0021176700095332833,
  "c4_d0009_0_0000": -0.0007844302694518473,
  "c4_d0010_0_0000": 0.004217308405019775,
  "c4_d0011_0_0000": 0.00706098241309366,
  "c4_d0011_1_0000": -0.00914892615275795,
  "c4_d0011_2_0000": -0.017848144902853476,
  "c4_d0012_0_0000": 0.015131875536548952,
  "c4_d0012_1_0000": -0.002766915643060516
}