{
  "c0": -7.186813178210856,
  "c1_0": 1.4465055468364736,
  "c2_d0000_0_00": 0.006848532633067889,
  "c2_d0001_0_00": 0.006697164485783286,
  "c2_d0002_0_00": 0.0032461092085681134,
  "c2_d0003_0_00": 0.012334544592250722,
  "c2_d0004_0_00": 0.01014548473656501,
  "c2_d0005_0_00": 0.007545967980346475,
  "c2_d0006_0_00": 0.002543242499316121,
  "c3_d0000_0_000": 0.010228218782314738,
  "c3_d0001_0_000": 0.009539035310904572,
  "c3_d0002_0_000": 0.007278626775228253,
  "c3_d0003_0_000": 0.004906912148730963,
  "c3_d0004_0_000": 0.008058193115024707,
  "c4_d0000_0_0000": 0.004878845775970186,
  "c4_d0001_0_0000": 0.006159897173753593,
  "c4_d0002_0_0000": 0.005740509122355762,
  "c4_d0003_0_0000": 0.008522782632982362,
  "c4_d0004_0_0000": 0.006734369803056505
}