{"100.0": [-13445.258643638417, 5.527388684472748], "150.0": [-13442.544631072858, 7.825770854874615], "200.0": [-13444.384557891684, 2.281741717682332], "250.0": [-13441.455604528901, 1.5238392352094865], "300.0": [-13441.574899900503, 1.4891156304933082], "350.0": [-13444.954163630062, 0.8201822840981844], "400.0": [-13445.754043078035, 0.4633089437441576], "450.0": [-13443.870022899551, 0.7264068742214238], "500.0": [-13444.81391093674, 0.31264823574369444], "550.0": [-13443.958858692968, 0.32315969629750924], "600.0": [-13442.473712223033, 0.12463982545538903], "650.0": [-13440.685270673519, 0.15544003888968216], "700.0": [-13438.184622057317, 0.09542460662102815], "750.0": [-13436.220261887316, 0.10494567722228305], "800.0": [-13433.822995418, 0.08592290736772072], "850.0": [-13431.154196135194, 0.08062562026705307], "900.0": [-13427.967934465965, 0.0886609300867835], "950.0": [-13424.059830681897, 0.09582124947607824], "1000.0": [-13419.296348542422, 0.10028925003946934], "1050.0": [-13412.761577249112, 0.06218296535072742], "1100.0": [-13409.363230045308, 0.0560866052255201], "1150.0": [-13407.767908814796, 0.028125559998844064], "1200.0": [-13406.44864883719, 0.02557942344780089], "1250.0": [-13405.565010131164, 0.016403235371815025], "1300.0": [-13404.199013004496, 0.015006559594403286], "1350.0": [-13403.265531240851, 0.015527413007726277], "1400.0": [-13402.949492069834, 0.01236443647575159], "1450.0": [-13402.213152923976, 0.01018398813047781], "1500.0": [-13401.676264935133, 0.01184664597277364], "1550.0": [-13401.141557757452, 0.007210274307806279], "1600.0": [-13400.64846250853, 0.00833110740400373], "1650.0": [-13400.39720928566, 0.007473879285087972], "1700.0": [-13399.820809223986, 0.008185492280037438], "1750.0": [-13399.699069497203, 0.008423683592433902], "1800.0": [-13399.33736477567, 0.006145467783960408], "1850.0": [-13398.995268617855, 0.007246614538209858], "1900.0": [-13398.668999152533, 0.004536108071394629], "1950.0": [-13398.60379772634, 0.005285809741035071], "2000.0": [-13398.051863093953, 0.005205066442783433]}