{"100.0": [-13444.455120686185, 10.03261636453238], "150.0": [-13444.931057970267, 1.4208770226935958], "200.0": [-13444.26804109582, 1.2928083094161582], "250.0": [-13444.538568693337, 1.4418587250539496], "300.0": [-13444.67137022229, 1.012084125601087], "350.0": [-13444.77873404368, 0.3236706472332049], "400.0": [-13445.407856453541, 0.251490928301898], "450.0": [-13444.53537849712, 0.4011956501466757], "500.0": [-13444.125871175274, 0.18821995873437822], "550.0": [-13443.484013540123, 0.32936190283464717], "600.0": [-13441.931711344198, 0.17122952099971922], "650.0": [-13439.938244759303, 0.1533567793549253], "700.0": [-13437.303032426455, 0.05370273893612756], "750.0": [-13434.99518402259, 0.09242908658290563], "800.0": [-13432.891190502516, 0.0611550510882674], "850.0": [-13429.704090015404, 0.08260558615462066], "900.0": [-13426.514549136451, 0.11173305390375174], "950.0": [-13422.915834069669, 0.12042566245414119], "1000.0": [-13417.331311612763, 0.08691746753851265], "1050.0": [-13411.518521806001, 0.07562978013586863], "1100.0": [-13408.496990546224, 0.03676868038590873], "1150.0": [-13407.313772884689, 0.03731394320388932], "1200.0": [-13406.018708718624, 0.019381643891268268], "1250.0": [-13404.889069289557, 0.02011119139464613], "1300.0": [-13403.801613384407, 0.016748714095679813], "1350.0": [-13403.267724156189, 0.01683242548488552], "1400.0": [-13402.870532334233, 0.014935025855221074], "1450.0": [-13402.112152055273, 0.010992482977750122], "1500.0": [-13401.470730753148, 0.010140727225750051], "1550.0": [-13401.08909688127, 0.009926751749274508], "1600.0": [-13400.261529485066, 0.008344792585892585], "1650.0": [-13400.187758075446, 0.0068348915975282405], "1700.0": [-13399.620807029387, 0.0072050281065675886], "1750.0": [-13399.470542755931, 0.005454334384768194], "1800.0": [-13398.997996093232, 0.005734854093765267], "1850.0": [-13398.701929402678, 0.0056094948104533976], "1900.0": [-13398.381087615096, 0.0062163869513333836], "1950.0": [-13398.056763073657, 0.006794709422782306], "2000.0": [-13397.81446484555, 0.0055841380097912]}