{"1080.0": [-13405.295989537248, 0.03561770392779066], "1090.0": [-13405.068072408762, 0.03421744985268095], "1100.0": [-13404.760536584132, 0.027606126251876605], "1110.0": [-13404.421900288367, 0.021470629157050777], "1120.0": [-13404.086072004997, 0.024709402077523448], "1130.0": [-13404.311438434212, 0.022530338802622757], "1140.0": [-13403.818933387254, 0.02153710208713171], "1150.0": [-13403.643587038709, 0.020502140659046802], "1160.0": [-13403.417536418476, 0.02023873937986516], "1170.0": [-13403.234357908677, 0.01955121631003165], "1180.0": [-13402.893842145482, 0.01958750052548662], "1190.0": [-13402.830557751911, 0.015534972318433364], "1200.0": [-13402.706131315923, 0.01805212605798142], "1210.0": [-13402.372660609035, 0.014282113686592915], "1220.0": [-13402.18292765772, 0.018333950897982842], "1230.0": [-13402.190022505, 0.013397831528690278], "1240.0": [-13402.008571813158, 0.015502090729899649], "1250.0": [-13401.864437675109, 0.017443381460892776], "1260.0": [-13401.690137388121, 0.01415429810764467], "1270.0": [-13401.658406126722, 0.015453266369046512], "1280.0": [-13401.490125808747, 0.013878256002751728], "1290.0": [-13401.15474668296, 0.014136891350542332], "1300.0": [-13401.196575746097, 0.0156652226830551], "1310.0": [-13401.048487258768, 0.011607355404539653], "1320.0": [-13400.946953253131, 0.009597958591903188], "1330.0": [-13400.618603510806, 0.010538933513473937], "1340.0": [-13400.568218676799, 0.012655601594247032], "1350.0": [-13400.480806125219, 0.012063985249569729], "1360.0": [-13400.600030846581, 0.011385532274829128], "1370.0": [-13400.207525866503, 0.010858160322536538], "1380.0": [-13400.342541773269, 0.011463677384899514], "1390.0": [-13399.999400387682, 0.011172556085602104], "1400.0": [-13400.04242648609, 0.011162258600051912], "1410.0": [-13399.994075089051, 0.00965642693476714], "1420.0": [-13399.851429040713, 0.009426465358948626], "1430.0": [-13399.58868453967, 0.00956960767708138], "1440.0": [-13399.590090248576, 0.010370575434167788], "1450.0": [-13399.358585852511, 0.010135263620382], "1460.0": [-13399.349171586753, 0.00872104913247588], "1470.0": [-13399.295324457327, 0.010436814848136817], "1480.0": [-13399.241350845174, 0.008329936466105192], "1490.0": [-13399.099004204421, 0.008933671989131536], "1500.0": [-13399.02380353496, 0.009054353001907937], "1510.0": [-13399.085092222103, 0.007968287681094952], "1520.0": [-13398.850398492717, 0.007620675242663529], "1530.0": [-13398.657080548397, 0.008292589168293904], "1540.0": [-13398.738268018333, 0.007385103136200736], "1550.0": [-13398.640573985616, 0.0076090456763829315], "1560.0": [-13398.370000775336, 0.008051947806120006], "1570.0": [-13398.528416002277, 0.007525027104198405], "1580.0": [-13398.348312195945, 0.0062095224886450666], "1590.0": [-13398.293496049117, 0.007682056967494895], "1600.0": [-13398.262852825896, 0.006708568278018929], "1610.0": [-13398.143332842812, 0.008592088772383988], "1620.0": [-13398.040844823709, 0.00750304095799725], "1630.0": [-13398.011846758134, 0.007603488624731615], "1640.0": [-13397.961053030858, 0.007322629754460494], "1650.0": [-13398.058321935974, 0.007220805534254722], "1660.0": [-13397.724406427787, 0.007741349080315242], "1670.0": [-13397.884907474303, 0.0056252878223651635], "1680.0": [-13397.72464188574, 0.006081663749449059], "1690.0": [-13397.599094558582, 0.005990875259013333], "1700.0": [-13397.493171955035, 0.006652108149244796], "1710.0": [-13397.627088880306, 0.006118888244958916], "1720.0": [-13397.41085789435, 0.0061123059084903265], "1730.0": [-13397.41577817117, 0.006365389953239031], "1740.0": [-13397.214280878541, 0.00560845093559006], "1750.0": [-13397.20714988085, 0.005758995778714617], "1760.0": [-13397.3518358172, 0.00535166879534203], "1770.0": [-13397.163468803452, 0.005638905483635336], "1780.0": [-13397.056344478135, 0.005625578966840874], "1790.0": [-13397.052655171883, 0.005056399713063812], "1800.0": [-13397.110730698741, 0.005249353045812954], "1810.0": [-13396.94020395001, 0.005108905924376222], "1820.0": [-13396.87376971418, 0.00545000944039323], "1830.0": [-13396.813051175192, 0.004784415184702738], "1840.0": [-13396.785920530525, 0.0056301920023670024], "1850.0": [-13396.705112302085, 0.005811522131063802], "1860.0": [-13396.789875448465, 0.004703785342191944], "1870.0": [-13396.523974375012, 0.0041663007843105275], "1880.0": [-13396.642343522504, 0.004078315847125224], "1890.0": [-13396.676066608261, 0.004527039723251147], "1900.0": [-13396.52403063089, 0.005295009630243642], "1910.0": [-13396.482804248748, 0.004971826406446204], "1920.0": [-13396.474676483329, 0.004660386992451401], "1930.0": [-13396.464329786882, 0.005071332761176814], "1940.0": [-13396.200594491651, 0.004110648108927856], "1950.0": [-13396.26186533447, 0.004966627182144748], "1960.0": [-13396.223697188352, 0.0047324072758195765], "1970.0": [-13396.246569726707, 0.004800474683207865], "1980.0": [-13396.235192109565, 0.004221158628536076], "1990.0": [-13396.215561783405, 0.003437466203576139], "2000.0": [-13395.99157093402, 0.003329748197292383]}