{
  "c0": -6.5371000467363425,
  "c2_d0000_0_00": -0.014879390197780057,
  "c2_d0001_0_00": 0.03161515793885582,
  "c2_d0002_0_00": -0.011869351382715524,
  "c2_d0003_0_00": -0.014181971482643354,
  "c2_d0004_0_00": -0.0032665311697633245,
  "c2_d0005_0_00": 0.0027713366071193653,
  "c2_d0006_0_00": 0.0005033426636487662,
  "c3_d0000_0_000": 0.039804808839157754,
  "c3_d0001_0_000": -0.021099116935723562,
  "c4_d0004_0_0000": 0.006052134814689079,
  "c4_d0005_1_0000": -0.010913495642467201,
  "c4_d0006_0_0000": 0.005689736854745222,
  "c4_d0011_2_0000": -0.01061202904996515
}