{
  "c0": -2.891633997748928,
  "c1_0": -9.112379787969465,
  "c2_d0000_0_00": -0.023768945159086757,
  "c2_d0001_0_00": 0.03709873824588729,
  "c2_d0002_0_00": -0.01175490504619471,
  "c2_d0003_0_00": -0.011322146822901905,
  "c2_d0004_0_00": -0.003545585675682121,
  "c2_d0005_0_00": 0.004690282736087404,
  "c2_d0006_0_00": -0.005056770302923968,
  "c3_d0000_0_000": 0.020511065427589438,
  "c3_d0001_0_000": -0.012946886494618413,
  "c3_d0002_0_000": -0.0070558258961696705,
  "c3_d0003_0_000": 0.010978136273565567,
  "c3_d0004_0_000": 0.0021698518210936557,
  "c3_d0005_0_000": 0.011831542202863674,
  "c3_d0006_0_000": -0.006296686877228242,
  "c3_d0007_0_000": -0.015439161904681094,
  "c4_d0000_0_0000": 0.0030389654158720723,
  "c4_d0001_0_0000": 0.0066583081699213235,
  "c4_d0002_0_0000": -0.001270457883010248,
  "c4_d0003_0_0000": -0.0014418659151601467,
  "c4_d0004_0_0000": 0.005934407011203299,
  "c4_d0005_0_0000": -0.004387810611215809,
  "c4_d0005_1_0000": -0.017165857456092306,
  "c4_d0006_0_0000": 0.01100824119884056,
  "c4_d0006_1_0000": 0.006404969488271029,
  "c4_d0007_0_0000": 0.0072315634519174825,
  "c4_d0008_0_0000": -0.002117670009532441,
  "c4_d0009_0_0000": -0.0007844302694508256,
  "c4_d0010_0_0000": 0.004217308405019375,
  "c4_d0011_0_0000": 0.0070609824130902716,
  "c4_d0011_1_0000": -0.00914892615275775,
  "c4_d0011_2_0000": -0.017848144902852556,
  "c4_d0012_0_0000": 0.015131875536547993,
  "c4_d0012_1_0000": -0.002766915643060516
}