{
  "c0": -5.632160395410061,
  "c1_0": -2.252864158164037,
  "c2_d0000_0_00": -0.1759618765338362,
  "c2_d0001_0_00": -0.2053663906926272,
  "c2_d0002_0_00": -0.034472796947629475,
  "c2_d0003_0_00": 0.03444314474627322,
  "c2_d0004_0_00": -0.038035859804633615,
  "c2_d0005_0_00": 0.20868468438424703,
  "c2_d0006_0_00": 0.10494679966720497,
  "c3_d0000_0_000": 0.24767302525806845,
  "c3_d0001_0_000": -0.002662421774253028,
  "c3_d0002_0_000": 0.17387790597278982,
  "c3_d0003_0_000": 0.15236250214292454,
  "c3_d0004_0_000": 0.19928641747049,
  "c3_d0005_0_000": -0.2928755540707314,
  "c3_d0006_0_000": 0.005638163354680243,
  "c3_d0007_0_000": -0.15719689705692266,
  "c4_d0000_0_0000": 0.312457550454558,
  "c4_d0001_0_0000": 0.05915561182178106,
  "c4_d0002_0_0000": -0.35143324060333603,
  "c4_d0003_0_0000": -0.01903477414452075,
  "c4_d0004_0_0000": -0.19769848639892076,
  "c4_d0005_0_0000": -0.07453588363238334,
  "c4_d0005_1_0000": -0.23231109657111987,
  "c4_d0006_0_0000": 0.12189703654708249,
  "c4_d0006_1_0000": -0.01924638666852764,
  "c4_d0007_0_0000": 0.0776962803696696,
  "c4_d0008_0_0000": 0.04768792685081295,
  "c4_d0009_0_0000": 0.017911199747397948,
  "c4_d0010_0_0000": -0.017421964261172904,
  "c4_d0011_0_0000": -0.19464431610863578,
  "c4_d0011_1_0000": -0.004325747535803645,
  "c4_d0011_2_0000": -0.011310103750018008,
  "c4_d0012_0_0000": 0.0552717228268326,
  "c4_d0012_1_0000": 0.20597753241895617
}