{"560.0": [-13445.785281604707, 0.1341317785307388], "570.0": [-13443.537315605665, 0.0972744982282424], "580.0": [-13442.778372382068, 0.1904306439157745], "590.0": [-13443.736577362484, 0.10261491488379268], "600.0": [-13442.235145571733, 0.13982156995511894], "610.0": [-13442.43178942424, 0.15183489055934635], "620.0": [-13441.464407352476, 0.16035736089606076], "630.0": [-13441.461572527862, 0.1148781744491292], "640.0": [-13441.4773340867, 0.13542121410563215], "650.0": [-13440.908865734627, 0.17920701320148885], "660.0": [-13440.391483768963, 0.1323198800655687], "670.0": [-13439.8183509303, 0.08698359016187482], "680.0": [-13440.186771571509, 0.11509987857505403], "690.0": [-13439.347251238003, 0.09657623703006168], "700.0": [-13438.23694911082, 0.14167157661141278], "710.0": [-13441.736597500814, 0.19488221655274274], "720.0": [-13438.018507139619, 0.13827237428554132], "730.0": [-13437.27667838962, 0.08874234612747728], "740.0": [-13437.2285968335, 0.09468957030487456], "750.0": [-13436.087182175945, 0.09455727917229806], "760.0": [-13435.757812038437, 0.08804827773940782], "770.0": [-13434.912182409722, 0.15099972291189978], "780.0": [-13434.9488329629, 0.09837681553667389], "790.0": [-13434.30617848091, 0.07040469194277091], "800.0": [-13433.768103364653, 0.06427466400101542], "810.0": [-13433.328569628908, 0.16122659395656871], "820.0": [-13433.179185899007, 0.10478739078480433], "830.0": [-13432.515783133149, 0.07744710263845], "840.0": [-13432.56391207706, 0.07779096280556265], "850.0": [-13431.241435450062, 0.07219843053665916], "860.0": [-13430.984930021348, 0.08751806885548627], "870.0": [-13429.830588999577, 0.07903664073658884], "880.0": [-13430.028601695152, 0.09241511920995395], "890.0": [-13428.913540254845, 0.07456596480725533], "900.0": [-13428.350445328579, 0.08219749197760395], "910.0": [-13427.337135586602, 0.10826140043669939], "920.0": [-13426.316397955883, 0.13940999151049005], "930.0": [-13426.11849177388, 0.0880627845567204], "940.0": [-13424.806436849996, 0.09159877366770583], "950.0": [-13425.32421385254, 0.11375244314070632], "960.0": [-13424.19888471679, 0.08374618512008716], "970.0": [-13422.209257002607, 0.1216737089183584], "980.0": [-13421.613299244, 0.0996574619569287], "990.0": [-13418.312507550274, 0.13377319860095757], "1000.0": [-13418.307085020393, 0.18787153473701765], "1010.0": [-13418.094597491983, 0.15491590218260845], "1020.0": [-13415.078542400923, 0.10282638907884672], "1030.0": [-13415.175362904243, 0.13093850698535717], "1040.0": [-13414.4775529833, 0.09738006285576906], "1050.0": [-13412.743863196605, 0.08361667981234154], "1060.0": [-13412.187355172931, 0.08288820203246174], "1070.0": [-13411.639880699302, 0.10871226504657742], "1080.0": [-13410.292745882876, 0.06059139888500589], "1090.0": [-13410.348618989992, 0.04196540341557675], "1100.0": [-13409.751363048403, 0.05188207920349054], "1110.0": [-13409.12754456519, 0.04495675417194313], "1120.0": [-13408.371067522829, 0.029984730080884904], "1130.0": [-13408.550491085169, 0.03064066315154855], "1140.0": [-13408.20852489253, 0.0342167943429413], "1150.0": [-13407.689738414709, 0.03920031122570974], "1160.0": [-13407.65712184963, 0.027252235825860605], "1170.0": [-13407.074521136645, 0.025884088641398646], "1180.0": [-13407.041206967146, 0.029369138972338185], "1190.0": [-13406.753699868272, 0.02464724861274336], "1200.0": [-13406.309226996562, 0.019321158541138157], "1210.0": [-13406.125639642833, 0.023885991512747964], "1220.0": [-13406.09617593872, 0.01432339560810507], "1230.0": [-13405.820280229509, 0.02436425613069721], "1240.0": [-13405.605431871654, 0.020006477146468138], "1250.0": [-13405.281973519861, 0.0191548749821331], "1260.0": [-13405.314158892077, 0.01933206219920615], "1270.0": [-13404.952349894624, 0.015882275925307835], "1280.0": [-13404.648575783664, 0.014601278354951423], "1290.0": [-13404.434188016334, 0.013741332065473297], "1300.0": [-13404.403037403486, 0.015718787442864354], "1310.0": [-13404.439705603163, 0.016514127787279786], "1320.0": [-13404.24133085362, 0.015844902198289528], "1330.0": [-13403.904690426582, 0.01949602775172436], "1340.0": [-13403.806238107049, 0.013593789519726845], "1350.0": [-13403.671584531416, 0.014328276367802302], "1360.0": [-13403.502355578548, 0.012907254779568222], "1370.0": [-13403.321825033427, 0.013802195577671476], "1380.0": [-13403.06108352911, 0.010763204862825955], "1390.0": [-13402.994180681824, 0.01509883682737263], "1400.0": [-13403.000541372203, 0.014183721665444772], "1410.0": [-13402.983742636288, 0.009331831577480956], "1420.0": [-13402.55044593088, 0.00930271992808937], "1430.0": [-13402.65687888179, 0.011240228432129048], "1440.0": [-13402.396885213924, 0.01088875233824009], "1450.0": [-13402.398955792705, 0.016691856852389286], "1460.0": [-13402.252630481713, 0.011628032314585332], "1470.0": [-13401.94656795888, 0.011874877893852047], "1480.0": [-13402.24339336111, 0.008857212549530398], "1490.0": [-13401.696693650229, 0.012567970721217297], "1500.0": [-13401.757107159412, 0.009601069333463426], "1510.0": [-13401.805328510642, 0.010608837598829869], "1520.0": [-13401.624192607887, 0.008582582038821557], "1530.0": [-13401.439597302942, 0.009074805005352349], "1540.0": [-13401.072303978533, 0.011080360665403627], "1550.0": [-13401.03974928377, 0.007736468186759098], "1560.0": [-13401.34630864892, 0.010144669113972929], "1570.0": [-13401.021708971903, 0.009774860544879119], "1580.0": [-13401.282998266191, 0.008833191721354949], "1590.0": [-13400.888209090253, 0.009796903327799244], "1600.0": [-13401.00065436876, 0.009110260611303204], "1610.0": [-13400.70241684325, 0.00787383535526922], "1620.0": [-13400.609216397967, 0.008759647179991158], "1630.0": [-13400.719301486906, 0.01068436154193848], "1640.0": [-13400.567238152451, 0.00758318680882827], "1650.0": [-13400.320218867533, 0.0069178371121170635], "1660.0": [-13400.210965829305, 0.00785511254202385], "1670.0": [-13400.226310001579, 0.007512764418335044], "1680.0": [-13400.265885265697, 0.008599679676049035], "1690.0": [-13400.239309247443, 0.009207356746064398], "1700.0": [-13399.822598062932, 0.007019785287773906], "1710.0": [-13400.002767309927, 0.005772179426885764], "1720.0": [-13399.934488419001, 0.009753982681848744], "1730.0": [-13399.897357231264, 0.006538295492731374], "1740.0": [-13399.820010608446, 0.0058410391486574285], "1750.0": [-13399.789666350182, 0.006236378043039722], "1760.0": [-13399.524407733907, 0.005648067131491442], "1770.0": [-13399.366383560171, 0.008461814717106698], "1780.0": [-13399.105099402395, 0.005291684952932732], "1790.0": [-13399.233108705133, 0.006715649837880852], "1800.0": [-13399.335241479319, 0.007315168558799371], "1810.0": [-13399.435482900362, 0.005008525548682731], "1820.0": [-13399.31696784228, 0.006358933969566393], "1830.0": [-13399.135702112015, 0.007001000590884435], "1840.0": [-13399.162925371567, 0.007915868742234013], "1850.0": [-13399.071912867492, 0.005369227705891979], "1860.0": [-13398.913062033376, 0.007767682967577623], "1870.0": [-13399.073250945165, 0.005661639626196303], "1880.0": [-13398.856048616566, 0.006064045731281244], "1890.0": [-13398.724582799501, 0.006125777848630151], "1900.0": [-13398.554003896536, 0.005438325674688164], "1910.0": [-13398.674266546484, 0.0056142655710799405], "1920.0": [-13398.44285114427, 0.004756323385305674], "1930.0": [-13398.76395376055, 0.006283446782004484], "1940.0": [-13398.406889881364, 0.004463914310133137], "1950.0": [-13398.011865903512, 0.006011389496746317], "1960.0": [-13398.30076784957, 0.005574518454823794], "1970.0": [-13398.36608338962, 0.004591746016814018], "1980.0": [-13398.205004071982, 0.006146632052862973], "1990.0": [-13397.96299629188, 0.005843752346473232], "2000.0": [-13398.104553269895, 0.0050827187734034185]}